Company,ClosestMatch,Score
AMAZON,AMZON,91
MICROSOFT,MICRON,67
GOOGLE,GOOGLE LLC,75
FACEBOOK,FACTSET,53
APPLE,RIPPLE,73
ORACLE,CIRCLE,67
SALESFORCE,SINGLESTORE,67
INTEL,CITADEL,67
IBM,IMC,67
CISCO,COSTCO,73
UBER,BAYER,67
CAPITAL ONE,CAPITAL GROUP,75
LINKEDIN,INDEED,57
VMWARE,MARVELL,62
QUALCOMM,QUALCOMM INC,80
JPMORGAN CHASE,JP MORGAN CHASE,97
BLOOMBERG,BLOOMBERG LP,86
GOLDMAN SACHS,LAM RESEARCH,56
INTUIT,INTUITIVE,80
PAYPAL,APPLE,55
DELOITTE,DELOITTE ADVISORY,64
TWITTER,TICKETMASTER,63
ADOBE,AMOBEE,73
WALMART LABS,WALMART,74
NVIDIA,IDEMIA,67
ACCENTURE,CENTENE,62
EXPEDIA,EXPERIAN,80
EBAY,EY,67
WAYFAIR,FAIRE,67
SAP,SNAP,86
LYFT,LUXOFT,60
NETFLIX,CONTENTFUL,59
WORKDAY,WORKIVA,71
DROPBOX,ROBLOX,77
SHOPIFY,SPOTIFY,71
AIRBNB,ABB,67
DELL TECHNOLOGIES,HCL TECHNOLOGIES,85
ATLASSIAN,ALLIANZ,62
VISA,VIASAT,80
SNAP,SAP,86
YELP,DELPHIX,55
YAHOO,WHOOP,60
SERVICENOW,SERVICETITAN,73
TESLA,TEST,67
SQUARE,FOURSQUARE,75
STRIPE,RIPPLE,67
INDEED,MINDTREE,71
YANDEX,ANDELA,67
BYTEDANCE,TENCENT,62
SPLUNK,SPRINKLR,57
ZILLOW,ZILLOW GROUP,67
COMCAST,COMPASS,71
BROADCOM,PAYCOM,57
SPOTIFY,SHOPIFY,71
T-MOBILE,MOBILEIRON,67
NUTANIX,TANIUM,62
PINTEREST,INTERSYSTEMS,67
GENERAL MOTORS,GENERAL MILLS,74
AUTODESK,ZENDESK,53
AMERICAN EXPRESS,SAMSUNG RESEARCH AMERICA,60
EPAM SYSTEMS,EPIC SYSTEMS,83
MORGAN STANLEY,MORNINGSTAR,56
BOEING,BOOKING,77
WALMART,WALMART LABS,74
GODADDY,AGODA,67
DOORDASH,ADIDAS,57
LOCKHEED MARTIN,LINKEDIN,52
AMD,ARM,67
ERNST AND YOUNG,ERNST & YOUNG,85
SAMSUNG,SAS,60
QUALTRICS,QUANTCAST,67
CRUISE,CRITEO,67
TWILIO,ILLUMIO,62
INSTACART,INSTABASE,67
BOOKING.COM,BOOKING,78
BOX,ROBLOX,67
NORTHROP GRUMMAN,NORTHWESTERN MUTUAL,51
PWC,PNC,67
COINBASE,INSTABASE,71
DISNEY,DISCOVERY,67
ARM,AMD,67
CITI,CITIBANK,67
FLIPKART,FLEXPORT,62
CERNER,CLEVER,67
USAA,ASANA,67
EPIC SYSTEMS,EPAM SYSTEMS,83
ZALANDO,LOANDEPOT,62
BOOZ ALLEN HAMILTON,BABYLON HEALTH,48
VERIZON,VERINT,77
TARGET,TRINET,67
GROUPON,ZILLOW GROUP,63
SLALOM,LOOM,60
TABLEAU SOFTWARE,ULTIMATE SOFTWARE,73
PALO ALTO NETWORKS,ARISTA NETWORKS,67
NETAPP,NOVETTA,62
HUBSPOT,UBISOFT,71
MCKINSEY,MCKINSEY & COMPANY,67
WEWORK,UPWORK,67
RED HAT,AT KEARNEY,59
DOCUSIGN,CIGNA,62
ROBINHOOD,ROBLOX,53
NIKE,NICE,75
MASTERCARD,MERCER,62
COMPASS,COMCAST,71
NORDSTROM,INTERCOM,59
SLACK,SAIC,67
KPMG,UKG,57
AT&T,TOP HAT,73
GRAB,GITLAB,60
CITRIX SYSTEMS INC,CISCO SYSTEMS,71
ELECTRONIC ARTS,SAMSUNG ELECTRONICS AMERICA,62
SYNOPSYS,INFOSYS,67
TWO SIGMA,FIGMA,57
PALANTIR,ALATION,67
BARCLAYS,MACY'S,57
TATA CONSULTANCY SERVICES,DISNEY STREAMING SERVICES,60
HPE,HP,80
RAYTHEON,RAKUTEN,67
COGNIZANT,NIANTIC,62
WELLS FARGO,MARVELL,56
RUBRIK,UBER,60
ZENDESK,ZENEFITS,67
OKTA,NOKIA,67
RALLY HEALTH,OSCAR HEALTH,67
ETSY,EY,67
BANK OF AMERICA,BANK OF AMERICA MERRILL LYNCH,68
GITHUB,GITLAB,67
BLACKROCK,BLACKSTONE,63
CAPGEMINI,GEMINI,80
INFOSYS,INFOSYS LTD,78
BANK OF AMERICA MERRILL LYNCH,BANK OF AMERICA,68
ROBLOX,DROPBOX,77
CHARLES SCHWAB,GOCARDLESS,58
HULU,BUILDIUM,50
MATHWORKS,THOUGHTWORKS,67
JUNIPER NETWORKS,F5 NETWORKS,67
BLIZZARD ENTERTAINMENT,INTERNET BRANDS,59
ROKU,GROUPON,55
GRUBHUB,STUBHUB,71
NOKIA,OKTA,67
WAYMO,PAYTM,60
SYMANTEC,MATCH,62
CITADEL,INTEL,67
MEDIATEK,MEDIA.NET,71
SQUARESPACE,SQUARE,71
FIDELITY INVESTMENTS,DELTA AIR LINES,57
DATADOG,DATAROBOT,62
UNITY TECHNOLOGIES,TYLER TECHNOLOGIES,83
GE DIGITAL,DIGITALOCEAN,73
CREDIT KARMA,FREDDIE MAC,61
ADP,SAP,67
SOFI,FIS,57
CLOUDERA,COURSERA,75
ZOOX,ZOOM,75
AKAMAI,AMA,67
PUBLICIS SAPIENT,VISTAPRINT,54
THE HOME DEPOT,OFFICE DEPOT,62
OPTUM,PETUUM,73
THE NEW YORK TIMES COMPANY,THE WALT DISNEY COMPANY,65
XILINX,XING,60
FLEXPORT,FLIPKART,62
AUDIBLE,ADOBE,67
F5 NETWORKS,ARUBA NETWORKS,72
THOUGHTWORKS,THOUGHTSPOT,70
WISH,WISE,75
WESTERN DIGITAL,GE DIGITAL,72
BLUE ORIGIN,BLUE YONDER,64
ARGO AI,AIG,60
SHOPEE,HPE,67
MICRON TECHNOLOGY,MICROCHIP TECHNOLOGY,86
BCG,RBC,67
AWS,SAS,67
RIVIAN,IQVIA,73
MOZILLA,ZILLOW,62
REDFIN,REDDIT,67
TEXAS INSTRUMENTS,NATIONAL INSTRUMENTS,76
ERICSSON,VERIZON,67
STATE FARM,ALLSTATE,67
AFFIRM,ARM,67
MARVELL,VMWARE,62
CADENCE DESIGN SYSTEMS,BAE SYSTEMS,61
PIVOTAL,IBOTTA,62
SAMSARA,ASANA,67
SIEMENS,SEGMENT,71
CHEWY,COHESITY,62
MONGODB,MONZO,67
DEUTSCHE BANK,TD BANK,60
BNY MELLON,MELLANOX,56
EY,EBAY,67
REDDIT,REDFIN,67
EXXONMOBIL,INMOBI,62
UBS,RBS,67
KLARNA,KLA,67
TWITCH,TWITTER,62
BAIN,BAIDU,67
CONVOY,SONY,60
PLAID,PALANTIR,62
HONEYWELL,PHONEPE,62
VANGUARD,AVANADE,67
ASML,FASTLY,60
PURE STORAGE,E*TRADE,63
DELIVERY HERO,DELIVERR,76
PANDORA,XANDR,67
RAKUTEN,KRAKEN,77
RIOT GAMES,PROCTER & GAMBLE,67
FACTSET,FASTLY,62
FORD MOTOR,FORD MOTOR COMPANY,71
SKYSCANNER,ZSCALER,59
CARTA,CARMAX,73
ASURION,TRANSUNION,71
L3HARRIS TECHNOLOGIES,HERE TECHNOLOGIES,79
CHEVRON,CERNER,62
ALIBABA,AIRBNB,62
ARISTA NETWORKS,ARUBA NETWORKS,83
INFORMATICA,INFOR,62
ASANA,SNAP,67
ANCESTRY,NEUSTAR,67
SURVEYMONKEY,ASURION,53
APPLIED MATERIALS,AMERICAN AIRLINES,59
COX AUTOMOTIVE,AUTOMATTIC,67
CLOUDFLARE,CLOUDERA,67
DATABRICKS,QUALTRICS,63
SMARTSHEET,STATE STREET,64
TREND MICRO,MICRON,71
GUSTO,FULLSTORY,57
VERITAS TECHNOLOGIES,ZEBRA TECHNOLOGIES,84
PLURALSIGHT,ALPHASIGHTS,64
ZYNGA,CYNGN,60
PAYTM,PAYCOM,73
LIBERTY MUTUAL,LIBERTY MUTUAL INSURANCE,74
NEXTDOOR,OPENDOOR,62
TRIPADVISOR,HOMEADVISOR,64
RBC,BCG,67
STITCH FIX,TWITCH,62
NCR,PNC,67
SAP CONCUR,COURSERA,67
MEDTRONIC,METROMILE,67
STARBUCKS,AIRBUS,67
STARTUP,UPSTART,71
THUMBTACK,QUANTUMBLACK,67
COUPANG,COUPA,83
NEW RELIC,HONEYWELL,56
LAM RESEARCH,G-RESEARCH,82
MCAFEE,CAREEM,67
GARMIN,ARM,67
ZOOM,ZOOX,75
FORTINET,TRINET,71
HBO,BOX,67
TSMC,TESCO,67
CREDIT SUISSE,SWISS RE,67
COHESITY,CHEWY,62
HUAWEI,CHASE,55
VERILY LIFE SCIENCES,EDWARDS LIFESCIENCES,60
GOJEK TECH,GOJEK,67
GLASSDOOR,GLOVO,57
AVANADE,CARVANA,71
SONY,SONOS,67
BCG DIGITAL VENTURES,WESTERN DIGITAL,63
CHIME,CIMPRESS,62
ALLSTATE,STATE FARM,67
MAILCHIMP,MICROCHIP,67
SUPERMICRO,MICRON,62
YEXT,YANDEX,60
CANVA,CARVANA,67
UIPATH,UPSTART,62
PROOFPOINT,PERFICIENT,60
VEEVA SYSTEMS,TEKSYSTEMS,61
HERE TECHNOLOGIES,HCL TECHNOLOGIES,85
ZULILY,ALLY,60
POSTMATES,POSTMAN,75
SPACEX,RACKSPACE,67
THOUGHT MACHINE,CHANGE.ORG,56
INTERCOM,BETTER.COM,67
DREAM11,EPAM,55
DELIVEROO,DELIVERR,82
PHILIPS,MPHASIS,57
INTEL CORPORATION,MICROSOFT CORPORATION,74
AMAZON WEB SERVICES,ANALOG DEVICES,61
KLA,KLARNA,67
RACKSPACE,SPACEX,67
3M,MI,50
AMERICAN AIRLINES,ALASKA AIRLINES,69
CONFLUENT,CONDUENT,82
BETTER MORTGAGE,BETTERMENT,64
AGODA,GODADDY,67
AUTOMATTIC,AUTONOMIC,74
BREX,CBRE,75
SCHLUMBERGER,BLOOMBERG,57
FANNIE MAE,ELLIE MAE,63
SNOWFLAKE,SLACK,57
LEIDOS,LUCID MOTORS,56
DIGITALOCEAN,GE DIGITAL,73
N26,2U,40
CVS HEALTH,CLOVER HEALTH,78
HASHICORP,SHIPT,57
NORTHWESTERN MUTUAL,WESTERN DIGITAL,65
TICKETMASTER,TWITTER,63
LIVERAMP,DELIVERR,62
CROWDSTRIKE,STRIPE,59
PELOTON,PEGATRON,67
ESRI,STRIPE,60
CUMMINS,CRUISE,62
OATH,AUTH0,67
MACY'S,"MACY'S,",100
MAGIC LEAP,APPLE INC.,53
UBISOFT,HUBSPOT,71
REVOLUT,REALTEK,57
GE,SAGE,67
OSCAR HEALTH,GE HEALTHCARE,72
DISCOVER,DISCOVERY,94
SWIGGY,SYSDIG,50
PNC,PWC,67
ILLUMINA,ILLUMIO,80
GLOBALLOGIC,GLOBALFOUNDRIES,62
GENENTECH,GOJEK TECH,63
SBERBANK,CLEARBANC,59
CRITEO,CRUISE,67
ELASTIC,LATCH,67
MYNTRA,DYNATRACE,67
ANAPLAN,ANDELA,62
AETNA,MARQETA,67
TINDER,INDEED,67
XANDR,PANDORA,67
APPDYNAMICS,GRID DYNAMICS,67
CISCO SYSTEMS,EPIC SYSTEMS,80
BEST BUY,BOLT (EU),53
VISTAPRINT,INSTACART,63
THOMSON REUTERS,BETTER.COM,56
SPROUT SOCIAL,CAPITAL GROUP,62
ANDELA,FANDUEL,77
MAPBOX,BOX,67
HSBC,BCG,57
ANALOG DEVICES,AMAZON WEB SERVICES,61
VIMEO,CHIME,60
QUICKEN LOANS,SILICON LABS,56
NURO,TURO,75
CAPITAL GROUP,CAPITAL ONE,75
VIASAT,VISA,80
COURSERA,CLOUDERA,75
HOUZZ,HBO,50
REALTEK,RESCALE,71
QUORA,AURORA,73
WISE,WISH,75
AMADEUS,AMDOCS,62
CIMPRESS,COMPASS,67
JOHNSON & JOHNSON,JOHNSON AND JOHNSON,88
CAREEM,CARE.COM,71
DRAFTKINGS,SMARTTHINGS,57
NBCUNIVERSAL,UNILEVER,60
FITBIT,INTUIT,67
UKG,KPMG,57
HCL TECHNOLOGIES,CA TECHNOLOGIES,90
AKUNA CAPITAL,CAPITAL ONE,58
NIELSEN,SIEMENS,57
RED VENTURES,EVENTBRITE,64
HP,HPE,80
C3.AI,SAIC,67
GUIDEWIRE SOFTWARE,LUCID SOFTWARE,75
CORNERSTONE ONDEMAND,CONSTANT CONTACT,56
PROCTER & GAMBLE,RIOT GAMES,67
SONOS,SOPHOS,73
JP MORGAN CHASE,JPMORGAN CHASE,97
TENCENT,CVENT,67
OPENDOOR,PANDORA,67
ABBOTT,ABB,67
AXON,AMZON,67
FLATIRON HEALTH,BLINK HEALTH,74
MARQETA,CARTA,67
AURORA,QUORA,73
EXPERIAN,EXPEDIA,80
LENOVO,GLOVO,73
SHUTTERSTOCK,OVERSTOCK,67
HUMANA,WORKHUMAN,67
GARTNER,PDT PARTNERS,63
BOSCH,BOSE,67
GENESYS,ANSYS,67
LENDINGCLUB,LENDINGTREE,64
CADENCE,ADYEN,67
BAE SYSTEMS,EPAM SYSTEMS,78
ADYEN,CADENCE,67
CGI GROUP,CME GROUP,78
FRESHWORKS,F5 NETWORKS,67
BLUECORE,BLUE ORIGIN,63
APPFOLIO,APPTIO,71
WIPRO LIMITED,WIPRO,56
OFFERUP,GROFERS,57
WEPAY,EBAY,67
CHAN ZUCKERBERG INITIATIVE,INTUITIVE SURGICAL,55
ZS,ZAPPOS,50
LOWE'S,LOWES,91
RAZORPAY,AFTERPAY,62
KROGER,ROVER,73
REALTOR.COM,COMMVAULT,60
JUST EAT,AT&T,67
ATHENAHEALTH,FLATIRON HEALTH,67
CISCO MERAKI,IHS MARKIT,64
PRUDENTIAL FINANCIAL,PRINCIPAL FINANCIAL GROUP,71
IHS MARKIT,CISCO MERAKI,64
DAIMLER,APPIER,62
NATIONAL INSTRUMENTS,TEXAS INSTRUMENTS,76
SOUNDCLOUD,INVESTCLOUD,57
ZILLOW GROUP,ZILLOW,67
DELOITTE ADVISORY,DELOITTE,64
GITLAB,GITHUB,67
GLOBANT,GLOBAL PAYMENTS,64
MOODY'S,MACY'S,62
SOFTSERVE,FISERV,67
PERFICIENT,HYPERSCIENCE,64
BOSCH GLOBAL,CDK GLOBAL,73
LOGMEIN,LUMEN,67
TANIUM,NUTANIX,62
OYO,OLO,67
OPTIMIZELY,OPTIVER,59
PROCORE TECHNOLOGIES,HERE TECHNOLOGIES,81
LUXOFT,UBISOFT,62
ZOHO,ZOOX,75
DOLBY LABORATORIES,JET PROPULSION LABORATORY,51
NORTONLIFELOCK,INTEL CORPORATION,52
DISCOVERY,DISCOVER,94
IQVIA,RIVIAN,73
CARVANA,AVANADE,71
WEAVE,WEPAY,60
WARNERMEDIA,RESMED,59
SILICON VALLEY BANK,SILICON LABS,58
DXC TECHNOLOGY,OCADO TECHNOLOGY,80
PROCORE,ROCHE,67
LOBLAW DIGITAL,DIGITALOCEAN,69
OLIVER WYMAN,LIVERAMP,60
TERADATA,VERKADA,67
ROCHE,PROCORE,67
BLACKSTONE,BLACKLINE,74
COMMVAULT,COMCAST,62
MASSMUTUAL,ASML,57
MITRE,MINDTREE,77
BLUE YONDER,BLUE ORIGIN,64
PEPSICO,EPSILON,71
GENERAL ATOMICS,GENERAL ELECTRIC,71
MICROCHIP,MAILCHIMP,67
BLEND,TALEND,73
RIPPLING,RIPPLE,71
MURAL,QUORA,60
CLEVER,ELSEVIER,71
NXP SEMICONDUCTORS,ON SEMICONDUCTOR,88
ICIMS,CIMPRESS,62
RETAILMENOT,TALEND,59
CHEGG,CHEWY,60
EPAM,PAYTM,67
EQUIFAX,EQUINIX,71
SPRINKLR,SPLUNK,57
TELUS,TEMPUS,73
RAYTHEON TECHNOLOGIES,HERE TECHNOLOGIES,79
UDEMY,EY,57
APTIV,APPTIO,73
OSCAR,ZSCALER,67
ALLY,ZULILY,60
HEWLETT PACKARD ENTERPRISE,FAST ENTERPRISES,57
CIGNA,CIENA,80
NERDWALLET,TERADATA,56
HP INC,PNC,67
IMPROBABLE,AIRTABLE,67
INMOBI,EXXONMOBIL,62
ZS ASSOCIATES,MANHATTAN ASSOCIATES,67
AMDOCS,SNAPDOCS,71
NASA JPL,JUUL LABS,59
SCOTIABANK,CITIBANK,78
BETTERMENT,BETTER.COM,70
MICRO FOCUS,MICRON,59
MINDTREE,MITRE,77
SCALE AI,ZSCALER,67
JOHNSON AND JOHNSON,JOHNSON & JOHNSON,88
ANDURIL INDUSTRIES,INTERNET BRANDS,55
BAYER,UBER,67
RENT THE RUNWAY,RENTPATH,61
MIXPANEL,INTEL,62
WORLD WIDE TECHNOLOGY,ZEBRA TECHNOLOGIES,67
SAIC,SLACK,67
AIRTABLE,ITERABLE,75
MOBILEIRON,T-MOBILE,67
POSHMARK,POSTMAN,67
ARCESIUM,CAREEM,57
OPTIVER,APTIV,67
AUTH0,OATH,67
HUDSON RIVER TRADING,DISNEY STREAMING SERVICES,62
TENABLE,ITERABLE,80
DATAROBOT,DATAART,75
FIS,FISERV,67
MAXAR TECHNOLOGIES,CA TECHNOLOGIES,85
SMARTTHINGS,SMARTSHEET,57
NIANTIC,IVANTI,77
FICO,CISCO,67
CIKLUM,ILLUMIO,62
VIACOMCBS,COMCAST,62
THE TRADE DESK,E*TRADE,67
CVENT,VERINT,73
CIENA,CIGNA,80
CHARTER COMMUNICATIONS,NUANCE COMMUNICATIONS,65
SUMO LOGIC,XPO LOGISTICS,61
BOSTON CONSULTING GROUP,FTI CONSULTING,59
BOSE,BOSCH,67
T. ROWE PRICE,PINTEREST,57
SOPHOS,SONOS,73
DELL,SHELL,67
ALARM.COM,CARE.COM,71
DELOITTE CONSULTING,DELOITTE CONSULTING LLP,90
NASDAQ,NASA JPL,57
QUANTCAST,QUALTRICS,67
TCS,PTC,67
THERMO FISHER SCIENTIFIC,HYPERSCIENCE,56
TUSIMPLE,WEALTHSIMPLE,70
SPECTRUM,PETUUM,71
SAS SOFTWARE,COUPA SOFTWARE,77
SYNOLOGY,SYNOPSYS,62
RINGCENTRAL,CONTINENTAL,64
APPLE INC.,APPLE,71
MICROSOFT CORPORATION,INTEL CORPORATION,74
APPIAN,RAPPI,73
MAKEMYTRIP,MEDTRONIC,53
CGI,BCG,67
ELSEVIER,CLEVER,71
VERIZON MEDIA,VERIZON,70
HOOTSUITE,INTUITIVE,56
DISH NETWORK,ARISTA NETWORKS,74
GLOVO,LENOVO,73
NETSKOPE,TOKOPEDIA,59
WIX,WISH,57
GAP,SAP,67
LUCID MOTORS,LUCID SOFTWARE,69
MICROSTRATEGY,TREND MICRO,67
ASUS,ANSYS,67
SHIPT,SIFT,67
PAYCOM,PAYTM,73
KEYSIGHT,SYSDIG,57
COUPA SOFTWARE,SAS SOFTWARE,77
FIREEYE,FAIRE,67
COLLINS AEROSPACE,PROCORE TECHNOLOGIES,54
THE HARTFORD,FORD MOTOR,55
G-RESEARCH,LAM RESEARCH,82
BOOKING,BOOKING.COM,78
LOGITECH,DELOITTE,62
SHUTTERFLY,SHUTTERSTOCK,64
TESCO,TSMC,67
ADDEPAR,ANDELA,62
MORNINGSTAR,INSTACART,60
THE WALT DISNEY COMPANY,THE NEW YORK TIMES COMPANY,65
FEDEX,EDX,75
PLAYSTATION,ALATION,67
LUMEN,LUMENTUM,77
KAISER PERMANENTE,JPMORGAN CHASE,52
UNITED AIRLINES,SOUTHWEST AIRLINES,73
MPHASIS,COMPASS,71
CONSTANT CONTACT,TATA CONSULTANCY SERVICES,59
PATREON,PEGATRON,80
DATAART,DATAROBOT,75
THE D. E. SHAW GROUP,BANKERS HEALTHCARE GROUP,62
RAPID7,RAPPI,73
TELADOC HEALTH,OSCAR HEALTH,69
MCKESSON,ERICSSON,62
HITACHI,TWITCH,62
TOWER RESEARCH CAPITAL,CAPITAL ONE,61
JANE STREET,STATE STREET,78
INFOR,INFOSYS,67
JOHN DEERE,DELIVEROO,53
THE CLIMATE CORPORATION,INTEL CORPORATION,70
MANULIFE,METLIFE,67
AMA,AMAZON,67
RBS,UBS,67
TURO,NURO,75
MOTIONAL,CONTINENTAL,63
INTUITIVE,INTUIT,80
DOCKER,DISCOVER,57
ANSYS,UNISYS,73
MAIL.RU GROUP,ZILLOW GROUP,64
SAMSUNG ELECTRONICS AMERICA,SAMSUNG RESEARCH AMERICA,78
BETTER.COM,BETTERMENT,70
MERCER,MERCK,73
BANDWIDTH,BAIDU,57
WOLTERS KLUWER,BLUE YONDER,56
GENERAL ELECTRIC,RENESAS ELECTRONICS,74
SAMSUNG RESEARCH AMERICA,SAMSUNG ELECTRONICS AMERICA,78
OPENTEXT,OPENTABLE,71
MENTOR GRAPHICS,GENERAL MOTORS,55
FISERV,SOFTSERVE,67
FORD,INFOR,67
SCRIBD,DISCORD,62
BABYLON HEALTH,BLINK HEALTH,77
BOLT,BOLT (EU),73
CDK GLOBAL,BOSCH GLOBAL,73
GE HEALTHCARE,HCA HEALTHCARE,81
MIC,MI,80
RELATIVITY,ELASTIC,59
WIPRO,WIPRO LIMITED,56
WEALTHFRONT,PEGATRON,63
ZOCDOC,ZOOX,60
REMITLY,REDDIT,62
S&P GLOBAL,GLOBAL PAYMENTS,72
BNP PARIBAS,BARCLAYS,53
MICROCHIP TECHNOLOGY,MICRON TECHNOLOGY,86
TRAVELOKA,TRAVELPORT,74
KOHL'S,LOWE'S,50
OLO,ROBLOX,67
SOCIETE GENERALE,GENERAL MOTORS,67
BOLT (EU),BOLT,73
PRICELINE,PERFICIENT,63
GLOBAL PAYMENTS,S&P GLOBAL,72
JPMORGAN,JP MORGAN,94
FAIRE,WAYFAIR,67
INTERNET BRANDS,CBS INTERACTIVE,60
TRANSUNION,ASURION,71
CANONICAL,PANASONIC,67
PLAYVS,PLAYSTATION,59
L3HARRIS,CLARI,62
FUJITSU,FIS,60
PAYLOCITY,PAYTM,57
MOVE,ROVER,67
AIG,IGT,67
MATCH,LATCH,80
PEARSON,PARSONS,86
NICE,NIKE,75
TIKTOK,TINKOFF,62
BLOOMBERG LP,BLOOMBERG,86
CAMBIA HEALTH SOLUTIONS,PARIVEDA SOLUTIONS,68
AT KEARNEY,RED HAT,59
FIGMA,CIGNA,60
FETCH REWARDS,FRESHWORKS,52
INTERCONTINENTAL EXCHANGE,CACI INTERNATIONAL,65
CLOUDKITCHENS,CLOUDERA,57
INTERACTIVE BROKERS,CBS INTERACTIVE,82
GROFERS,ROVER,67
RIPPLE,APPLE,73
ZAPPOS,APPTIO,67
CLEARWATER ANALYTICS,NEXTERA ANALYTICS,76
GUIDEHOUSE,GUIDEWIRE,63
DISNEY STREAMING SERVICES,HUDSON RIVER TRADING,62
AMAZON.COM,AMAZON,75
AMERICAN FAMILY INSURANCE,AMERICAN EXPRESS,54
APPTIO,APTIV,73
IGT,AIG,67
ZSCALER,RESCALE,71
AMOBEE,ADOBE,73
EQUINIX,EQUIFAX,71
RESMED,DEGREED,62
ELLIE MAE,FANNIE MAE,63
SWISSCOM,CISCO,62
STATE STREET,JANE STREET,78
UNITEDHEALTH GROUP,GUARDANT HEALTH,61
UPSTART,STARTUP,71
EVERNOTE,EVERQUOTE,82
EVENTBRITE,EVERNOTE,67
VOLKSWAGEN,VONAGE,62
ATTENTIVE,APTIV,57
WP ENGINE,LENDINGTREE,50
NUBANK,NUANCE,67
TD BANK,U.S. BANK,67
GOPUFF,OPTUM,55
EXPEDIA GROUP,EXPEDIA,70
XERO,VERIZON,55
DIALPAD,ZALANDO,57
DISCORD,DISCOVER,80
OVERSTOCK,STACK OVERFLOW,70
SOUTHWEST AIRLINES,UNITED AIRLINES,73
23ANDME,YANDEX,62
MCKINSEY & COMPANY,MCKINSEY,67
MUFG,UKG,57
OFFICE DEPOT,THE HOME DEPOT,62
NINTENDO,INTEL,62
NUANCE COMMUNICATIONS,CHARTER COMMUNICATIONS,65
LUCID SOFTWARE,GUIDEWIRE SOFTWARE,75
LUMENTUM,LUMEN,77
LEANTAAS,QUANTCAST,59
OPENTABLE,TENABLE,75
MITCHELL INTERNATIONAL,MANTECH INTERNATIONAL,84
PTC,PWC,67
NOVETTA,NETAPP,62
MOTOROLA,MOTIONAL,62
MANHATTAN ASSOCIATES,ZS ASSOCIATES,67
MERCK,MERCER,73
LEK,REALTEK,60
LENDINGTREE,LENDINGCLUB,64
METROMILE,MEDTRONIC,67
MICRON,TREND MICRO,71
PARSONS,PEARSON,86
TRIMBLE,TUSIMPLE,67
CACI INTERNATIONAL,ENOVA INTERNATIONAL,81
CBRE,BREX,75
VERKADA,TERADATA,67
CIBC,CISCO,67
UNDER ARMOUR,SONDER,56
CERIDIAN,RIVIAN,71
U.S. BANK,TD BANK,67
CHASE,COUCHBASE,71
CIRRUS LOGIC,ELECTRONIC ARTS,52
CITIBANK,SCOTIABANK,78
CLARI,CARRIER,67
TRAVELERS,TRAVELPORT,74
STRATEGY BY PWC,MICROSTRATEGY,64
TOYOTA USA,TOAST,53
TOKOPEDIA,EXPEDIA,62
CONDUENT,CONFLUENT,82
CONTENTFUL,CONTINENTAL,76
CONTINENTAL,CONTENTFUL,76
COURSE HERO,COURSERA,74
COVERMYMEDS,DISCOVERY,60
DEGREED,INDEED,62
DELOITTE CONSULTING LLP,DELOITTE CONSULTING,90
DOMO,TOMTOM,60
SUSQUEHANNA INTERNATIONAL GROUP,MANTECH INTERNATIONAL,62
VONAGE,AVANADE,62
BLINK HEALTH,BABYLON HEALTH,77
BLACKBAUD,BLACKBERRY,63
WEBFLOW,LOWES,50
2U,UBS,40
8X8,BOX,33
ABB,AIRBNB,67
ACORNS,PARSONS,62
ACTIONIQ,ACTIVISION,67
ACTIVECAMPAIGN,ACTIVISION,58
ACTIVISION,INVISION,78
ADEVINTA,AETNA,62
AFTERPAY,NATERA,71
IROBOT,MICROSOFT,67
ALIGN TECHNOLOGY,MICRON TECHNOLOGY,79
AMPLITUDE,APPLE,57
APPIER,ZAPIER,83
ZENEFITS,ZENDESK,67
ZAPIER,APPIER,83
XENDIT,REDDIT,67
XPO LOGISTICS,SUMO LOGIC,61
BENCHLING,BOEING,67
BILL.COM,BOOKING.COM,63
BIRD,BAIDU,67
DUOLINGO,BOEING,57
COSTCO WHOLESALE,STCHEALTH,56
IVANTI,NIANTIC,77
FIFTH THIRD BANK,TD BANK,61
RENESAS ELECTRONICS,GENERAL ELECTRIC,74
SIRIUSXM,AIRBUS,57
SILICON LABS,SILICON VALLEY BANK,58
INVISION,ACTIVISION,78
SEGMENT,SIEMENS,71
SEAGATE,SAGE,73
SCHNEIDER ELECTRIC,GENERAL ELECTRIC,71
ILLUMIO,ILLUMINA,80
IBOTTA,ABBOTT,67
SABRE,SQUARE,73
IXL LEARNING,FIVE RINGS,55
GOCARDLESS,CHARLES SCHWAB,58
IMC,IBM,67
HOPPER,HPE,67
GUARDANT HEALTH,FLATIRON HEALTH,67
GUIDEWIRE,GUIDEWIRE SOFTWARE,67
QUALIA,QUALTRICS,67
INDIGO,ING,67
HELLOFRESH,HERE,57
EPSILON,PEPSICO,71
POINT72,SAILPOINT,62
JANE STREET CAPITAL,JANE STREET,73
FLEXE,FLEXPORT,62
KEEPTRUCKIN,EXPERIAN,53
KAYAK,AVAYA,60
EPIC GAMES,EPIC SYSTEMS,64
UDAAN.COM,COUPANG,62
WORKHUMAN,HUMANA,67
WORKIVA,WORKDAY,71
RAPPI,APPIAN,73
OTHER,OATH,67
PEGASYSTEMS,EPAM SYSTEMS,78
NTT DATA,AT&T,67
ZOOMINFO,ZOOM,67
FUBOTV,HUBSPOT,62
PEGATRON,PATREON,80
PERSPECTA,SPECTRUM,59
PETUUM,OPTUM,73
PAGERDUTY,PDT PARTNERS,57
PHONEPE,SHOPEE,62
ZIPRECRUITER,CRUISE,56
MUTUAL OF OMAHA,NORTHWESTERN MUTUAL,53
WEEDMAPS,TEMPUS,57
NYLAS,ANSYS,60
ONE MEDICAL,MEDIA.NET,80
TOAST,COMCAST,67
SOLARWINDS,SMARTTHINGS,57
SONDER,TINDER,67
PANASONIC,CANONICAL,67
OLA,KLA,67
SOROCO,PROCORE,62
RESCALE,REALTEK,71
TEMPUS,TELUS,73
TEKION,VERIZON,62
SYSDIG,KEYSIGHT,57
SYNCHRONY,SYNECHRON,89
SYNAPTICS,SNAPDOCS,71
OCADO TECHNOLOGY,DXC TECHNOLOGY,80
TOMTOM,ZOMATO,67
SNAPDOCS,AMDOCS,71
TRADEWEB,E*TRADE,67
TRAVELPORT,TRAVELOKA,74
SERVICETITAN,SERVICENOW,73
SANDIA NATIONAL LABS,SUSQUEHANNA INTERNATIONAL GROUP,55
ULTIMATE SOFTWARE,TABLEAU SOFTWARE,73
SAILPOINT,VISTAPRINT,63
VERINT,VERIZON,77
SAGE,SEAGATE,73
SS&C TECHNOLOGIES,CA TECHNOLOGIES,88
VIRTUSA,VISA,73
VISA INC,VISA,67
SQUAREPOINT CAPITAL,CAPITAL ONE,67
VRBO,ROBLOX,60
WATTPAD,DATADOG,57
NEUSTAR,UPSTART,71
ROVER,KROGER,73
10X GENOMICS,AUTONOMIC,48
JOHNSON,JOHNSON & JOHNSON,64
BAIDU,BAIN,67
JUMP TRADING,JP MORGAN,57
BAIN & COMPANY,BOOKING.COM,61
JUNIPER SQUARE,FOURSQUARE,67
ALTERYX,AFTERPAY,67
KHOROS,YAHOO,55
DEXCOM,DOMO,60
KRAKEN,RAKUTEN,77
DELIVERR,DELIVEROO,82
BEYOND LIMITS,XENDIT,53
DRW,XANDR,50
COUPA,COUPANG,83
ALLIANZ,ALGOLIA,71
COMMSCOPE,COMSCORE,82
MSFT,SIFT,75
COSTAR GROUP,CAPITAL GROUP,72
CLEARBANC,CARVANA,62
BLACKHAWK NETWORK,BARRACUDA NETWORKS,69
JOHNSON CONTROLS,JOHNSON & JOHNSON,71
EGEN SOLUTIONS,PARIVEDA SOLUTIONS,69
MCDONALD'S,MOODY'S,59
ENOVA INTERNATIONAL,CACI INTERNATIONAL,81
HACKERRANK,BLACKBERRY,60
H-E-B,BOLT (EU),50
GRID DYNAMICS,APPDYNAMICS,67
GRANULAR,VANGUARD,62
APPDIRECT,APPIER,67
ARUBA NETWORKS,ARISTA NETWORKS,83
BROWSERSTACK,OVERSTOCK,67
AVALARA,AVAYA,67
FREDDIE MAC,CREDIT KARMA,61
FOURSQUARE,SQUARE,75
FORD MOTOR COMPANY,FORD MOTOR,71
FIVE RINGS,VERINT,62
FIRST REPUBLIC BANK,STARLING BANK,62
FASTLY,FACTSET,62
IRONCLAD,MICRON,57
FAST ENTERPRISES,COX ENTERPRISES,71
ITERABLE,TENABLE,80
FANATICS,SYNAPTICS,71
MAXIM INTEGRATED,INTERSYSTEMS,57
ANONYMOUS,WAYMO,57
CENTENE,CVENT,67
MEDIA.NET,ONE MEDICAL,80
AIRTEL INDIA,DELTA AIR LINES,59
CARE.COM,CAREEM,71
MEDIAOCEAN,DIGITALOCEAN,73
CARRIER,CLARI,67
CHECKR,CHEVRON,62
MOODY'S ANALYTICS,FRACTAL ANALYTICS,59
BLOCKFI,BLACKROCK,62
MONZO,MONGODB,67
CACI,CLARI,67
CAPSULE,APPLE,67
CARGURUS,COSTAR GROUP,60
SINGLESTORE,SALESFORCE,67
TURBONOMIC,AUTONOMIC,74
CA TECHNOLOGIES,HCL TECHNOLOGIES,90
FRACTAL ANALYTICS,NEXTERA ANALYTICS,71
SISENSE,SIEMENS,71
SIFT,MSFT,75
VIRTU FINANCIAL,PRUDENTIAL FINANCIAL,69
FULLSTORY,GUSTO,57
AVAYA,AVANADE,67
CBS INTERACTIVE,INTERACTIVE BROKERS,82
AUTONOMIC,AUTOMATTIC,74
WARBY PARKER,AT KEARNEY,55
FEEDZAI,EXPEDIA,57
SNAPCHAT,SNAP,67
ALATION,PALANTIR,67
CME GROUP,CGI GROUP,78
CSG,BCG,67
CABIFY,CACI,60
FARFETCH,FAIRE,62
IHERB,HERE,67
SONY INTERACTIVE ENTERTAINMENT,INTERACTIVE BROKERS,57
FTI CONSULTING,DELOITTE CONSULTING,73
EXCELLA,EXPEDIA,57
GE AVIATION,ALATION,67
ACQUIA,QUALIA,67
SHELL,DELL,67
SEPHORA,SOPHOS,62
WHOOP,YAHOO,60
HCA HEALTHCARE,GE HEALTHCARE,81
BUILDIUM,BAIDU,62
ZOMATO,TOMTOM,67
BUKALAPAK,KAYAK,57
BUMBLE,AUDIBLE,62
ROBERT HALF,ALBERTSONS,57
GRAMMARLY,GRANULAR,59
ROOT INSURANCE,LIBERTY MUTUAL INSURANCE,63
BUTTON,GUSTO,55
ALBERTSONS,PARSONS,71
GLU MOBILE,T-MOBILE,67
GLOBALFOUNDRIES,GLOBALLOGIC,62
SAS,STASH,75
SPS COMMERCE,BIGCOMMERCE,70
ZETA,AETNA,67
GIGAMON,AMZON,67
GENPACT,RENTPATH,67
ZEBRA TECHNOLOGIES,VERITAS TECHNOLOGIES,84
ARRIVAL,RIVIAN,62
GENERAL DYNAMICS MISSION SYSTEMS,GENERAL DYNAMICS INFORMATION TECHNOLOGY,68
GENERAL DYNAMICS INFORMATION TECHNOLOGY,GENERAL DYNAMICS MISSION SYSTEMS,68
GEMINI,CAPGEMINI,80
GEICO,PEPSICO,67
ARUBA,CARTA,60
EQUIPMENTSHARE,JUNIPER SQUARE,57
GSK,SLACK,50
BRIDGEWATER ASSOCIATES,ZS ASSOCIATES,63
ERNST & YOUNG,ERNST AND YOUNG,85
EARNEST,ANCESTRY,67
IMANAGE,HUMANA,62
COSTCO,CISCO,73
DELPHIX,NETFLIX,57
DASSAULT SYSTEMES,BAE SYSTEMS,64
DANAHER,NATERA,62
DTCC,TCS,57
CHANGE.ORG,JPMORGAN CHASE,67
DAZN GROUP,EXPEDIA GROUP,70
CYNGN,ZYNGA,60
WILLIS TOWERS WATSON,MITCHELL INTERNATIONAL,52
LOANDEPOT,ZALANDO,62
COX ENTERPRISES,FAST ENTERPRISES,71
THE VOLEON GROUP,GROUPON,61
COMSCORE,COMMSCOPE,82
ENDAVA,TERADATA,57
TINKOFF,TIKTOK,62
TYLER TECHNOLOGIES,UNITY TECHNOLOGIES,83
COLLECTIVE HEALTH,CLOVER HEALTH,73
BLACKBERRY,BLACKROCK,63
TOYOTA RESEARCH INSTITUTE,SAS INSTITUTE,63
CODECADEMY,GODADDY,59
COCKROACH LABS,COUCHBASE,52
CLOVER HEALTH,CVS HEALTH,78
CLEAR STREET,JANE STREET,70
WEALTHSIMPLE,TUSIMPLE,70
CHICK-FIL-A,CIKLUM,47
CIRCLECI,CIRCLE,86
TIBCO SOFTWARE,TABLEAU SOFTWARE,73
DELTA AIR LINES,AIRTABLE,61
DEUTSCHE TELEKOM,DEUTSCHE BANK,55
BAZAARVOICE,BLACKROCK,50
UPWORK,WEWORK,67
EDWARDS LIFESCIENCES,INTEGRAL AD SCIENCE,62
STACK OVERFLOW,OVERSTOCK,70
STAPLES,APPLE,67
CIRCLE,CIRCLECI,86
STARLING BANK,FIRST REPUBLIC BANK,62
STASH,SAS,75
ALASKA AIRLINES,AMERICAN AIRLINES,69
AKAMAI TECHNOLOGIES,CA TECHNOLOGIES,82
CAPTECH,MATCH,67
STOCKX,OVERSTOCK,67
STRYKER,STRIPE,62
UNISYS,ANSYS,73
UNILEVER,CLEVER,71
DYNATRACE,MYNTRA,67
DRIFT.COM,REALTOR.COM,60
DOXIMITY,OPTIMIZELY,56
DOW JONES,LOWES,57
SWISS RE,CREDIT SUISSE,67
DOUBLEVERIFY,UNILEVER,60
DOCTOLIB,COINBASE,50
SYNECHRON,SYNCHRONY,89
BANKERS HEALTHCARE GROUP,GE HEALTHCARE,65
DISCOVER FINANCIAL SERVICES,TATA CONSULTANCY SERVICES,58
EDX,FEDEX,75
UBIQUITI,INTUITIVE,59
DIDI,NVIDIA,60
ALGOLIA,ALLIANZ,71
LOOM,ZOOM,75
HYPERSCIENCE,PERFICIENT,64
JCPENNEY,CENTENE,67
LTI,ELASTIC,60
MARKETAXESS,MARQETA,67
PRINCIPAL FINANCIAL GROUP,PRUDENTIAL FINANCIAL,71
MANTECH INTERNATIONAL,MITCHELL INTERNATIONAL,84
"MACY'S,",MACY'S,100
ING,XING,86
KPIT,IGT,57
KAJABI,AKAMAI,67
INTERSYSTEMS,TEKSYSTEMS,82
ONETRUST,NEUSTAR,67
PODIUM,MEDIUM,67
PUPPET,APPLE,55
KLAVIYO,KLA,60
PARIVEDA SOLUTIONS,EGEN SOLUTIONS,69
INTEGRAL AD SCIENCE,SOCIETE GENERALE,63
LIVEPERSON,PEARSON,71
KORN FERRY,FORD MOTOR,50
QUANTUMBLACK,THUMBTACK,67
PANASONIC AVIONICS,PANASONIC,67
PDT PARTNERS,GARTNER,63
LEAGUE,SEAGATE,62
QUANTIPHI,QUALTRICS,56
INFOBLOX,ROBLOX,71
INFOSYS LTD,INFOSYS,78
INSTABASE,COINBASE,71
ICF,MIC,67
OPPO,SOPHOS,60
NUMERATOR,NURO,62
REFINITIV,REDFIN,67
AMGEN,SAGE,67
JIO,NIO,67
NATERA,AFTERPAY,71
JP MORGAN,JPMORGAN,94
POLICYGENIUS,EPIC GAMES,55
NUANCE,NUBANK,67
NIO,INDIGO,67
JET PROPULSION LABORATORY,DOLBY LABORATORIES,51
HEADSPACE,SPACEX,67
JUUL LABS,NASA JPL,59
MOVEWORKS,WEWORK,67
RENTPATH,GENPACT,67
MI,MIC,80
JOHN HANCOCK,JOHNSON & JOHNSON,59
MELLANOX,MEDALLIA,62
POSTMAN,POSTMATES,75
MEDALLIA,ALLIANZ,67
MEDIUM,PODIUM,67
MEESHO,MCKESSON,57
MEIJER,MERCER,67
LATCH,MATCH,80
MENDIX,XENDIT,67
PING IDENTITY,FIDELITY INVESTMENTS,55
JUNIPER,JUNIPER SQUARE,67
STUBHUB,GRUBHUB,71
EY-PARTHENON,PATREON,63
E*TRADE,THE TRADE DESK,67
TEKSYSTEMS,INTERSYSTEMS,82
7-ELEVEN,ELSEVIER,62
ADIDAS,ADDEPAR,62
ALPHASIGHTS,MPHASIS,67
TIAA,VIASAT,60
MOTOROLA SOLUTIONS,PARIVEDA SOLUTIONS,67
BUZZFEED,FEEDZAI,53
IHEARTRADIO,RED HAT,56
MESSAGEBIRD,ELSEVIER,53
NEXTERA ANALYTICS,CLEARWATER ANALYTICS,76
CARMAX,CARTA,73
ALTRAN,NATERA,67
TRUECAR,MASTERCARD,59
BLACKLINE,BLACKSTONE,74
TOP HAT,AT&T,73
TIPALTI,PALANTIR,67
TUNE,TINDER,60
THOUGHTSPOT,THOUGHTWORKS,70
BIGCOMMERCE,SPS COMMERCE,70
COUCHBASE,COINBASE,71
LOWES,LOWE'S,91
AIRBUS,AIRBNB,67
CURE.FIT,REFINITIV,59
LIBERTY MUTUAL INSURANCE,LIBERTY MUTUAL,74
TALEND,BLEND,73
BARRACUDA NETWORKS,ARUBA NETWORKS,81
FANDUEL,ANDELA,77
INVESTCLOUD,SOUNDCLOUD,57
INFINERA,INFOR,62
GOOGLE LLC,GOOGLE,75
SAS INSTITUTE,TOYOTA RESEARCH INSTITUTE,63
GENERAL MILLS,GENERAL MOTORS,74
ASTRAZENECA,ASANA,62
HOMEADVISOR,TRIPADVISOR,64
AMZON,AMAZON,91
QUALCOMM INC,QUALCOMM,80
APPLOVIN,APPLE INC.,71
NXP,SNAP,57
TEST,TESLA,67
HERE,OTHER,67
ON SEMICONDUCTOR,NXP SEMICONDUCTORS,88
EVERQUOTE,EVERNOTE,82
ARISTA,CARTA,73
COGNIZANT TECHNOLOGY SOLUTIONS,ALIGN TECHNOLOGY,65
GOJEK,GOJEK TECH,67
METLIFE,MANULIFE,67
HOMEAWAY,CHEWY,62
STCHEALTH,CVS HEALTH,74
TRUCKSTOP.COM,COMCAST,60
TRINET,FORTINET,71
VERISIGN,VERINT,71
INTUITIVE SURGICAL,INTUITIVE,67
DISH,WISH,75
XING,ING,86
VIZIO,VERIZON,67
IDEMIA,NVIDIA,67
QUEST DIAGNOSTICS,NEXTERA ANALYTICS,53
TASKRABBIT,DATAROBOT,53
